{"cameraMode":{"drawMode":0,"name":"Shaded","section":"Shading Mode"},"sceneLighting":true,"audioPlay":false,"sceneViewState":{"showFog":true,"showMaterialUpdate":false,"showSkybox":true,"showFlares":true,"showImageEffects":true,"showParticleSystems":true},"in2DMode":false,"pivot":{"x":25.169322967529298,"y":9.532807350158692,"z":5.548402786254883},"rotation":{"x":-0.04611312225461006,"y":0.9529792070388794,"z":-0.232008159160614,"w":-0.18941083550453187},"size":31.262813568115236,"orthographic":false}